Original_Symbol,SCENIC_DB_Symbol
AANATL7,CG13759
ATP6AP2,VhaM8.9
ATP8A,CG42321
Aasdh,U26
Acbp1,CG8498
Acbp2,Dbi
Acbp6,CG15829
Achl,CG17386
AdamTS-B,CG4096
Adck1,Adck
Adck5,CG7616
Aduk,CG8866
Ae2,CG8177
AgmNAT,CG15766
Agpat1,CG3812
Agpat2,fu12
Agpat3,CG4729
Agpat4,CG4753
Akr1B,CG6084
Aladin,CG16892
Ald1,Ald
Aldh7A1,CG9629
Alg1,CG18012
Alg11,CG11306
Alg14,CG6308
Alg3,l(2)not
Alg9,CG11851
Alp11,CG8105
Alp12,CG16771
Alp5,CG10827
Alp6,CG1809
Alp9,CG5150
Amacr,CG9319
Apl,CG32165
Argl,CG9510
Arl6IP1,CG10326
Arl8,Gie
BBS5,CG1126
BBS9,CG15666
BORCS5,CG11802
BORCS6,CG17180
Balat,CG3790
Bdp1,CG9305
BomBc1,IM23
BomBc3,CG5791
BomS1,IM1
BomS2,IM2
BomS3,IM3
BomS4,CG18107
BomS6,CG15068
BomT1,CG43202
BomT2,CG16836
BomT3,CG5778
Boot,CG13741
CAH13,CG12309
CAH14,CG15227
CAH3,CG11284
CAH7,CG3940
CAH8,CG5379
CAH9,caix
CARPA,CG1402
CARPB,CG32698
CCT1,Cct1
CCT2,Cct2
CCT3,Cctgamma
CCT4,CG5525
CCT5,Cct5
CCT6,Tcp-1zeta
CCT7,Tcp-1eta
CCT8,CG8258
CDC50,CG9947
CG43051,CR43051
CG43428,CR43428
CG44666,CR44666
CG45045,CR45045
CG45273,CR45273
CG46042,CR46042
CG46335,CR43476
CG46339,sda
CG46385,CG30497
CG5504,l(2)tid
CG7483,eIF4AIII
CNBP,CG3800
CNPYb,CG11577
CNT2,CG8083
CR11023,CG11023
CR14117,CG14117
CR14798,CG14798
CROT,CG12428
Ca-Ma2d,CG42817
Camp,CG6568
Cc2d2a,CG43370
Ccdc58,CG15881
Ccdc85,CG17265
Cdc45,CDC45L
Cds,CdsA
ChT,CG7708
Charon,CG5118
Chchd2,CG5010
Chchd3,l(3)03670
Chs2,CS-2
Cln3,cln3
Cln7,CG8596
ClpP,CG5045
Cluap1,CG17599
Cndp2,CG17337
Coa7,CG13865
Coa8,CG14806
Cog1,CG4848
Cog2,ldlCp
Cog4,CG7456
Cog6,CG1968
Cog8,CG6488
Coq3,CG9249
Coq5,CG2453
Coq6,CG7277
Coq7,COQ7
Coq8,CG32649
Coq9,CG30493
Cpes,CG4585
Cpsf5,CG3689
Cpsf6,CG7185
Cse1,Cas
CstF50,CstF-50
CstF64,CstF-64
CtIP,CG5872
Ctl1,CG1311
Ctl2,CG11880
Ctr9,CG2469
Cul6,CG11261
Cyp9f3,Cyp9f3Psi
DEF8,CG11534
DIP-kappa,CG31814
DIP-lambda,CG45781
DNAlig1,DNA-ligI
DNAlig3,lig3
DNAlig4,Lig4
DPCoAC,att-ORFA
Dad1,l(2)k12914
Dci,CG13890
Dera,CG8525
Dgat2,CG1942
Dis3l2,CG16940
Dlish,CG10933
Dnali1,CG6971
Dph1,CG11652
Dtd,CG18643
Duba,CG6091
EMC10,CG32441
EMC4,CG11137
EMC5,CG15168
EMC6,CG11781
EMC7,CG8397
EMRE,CG17680
Eato,CG31731
Echs1,CG6543
Elys,CG14215
EndoU,CG3303
Exd2,CG6744
Fatp1,Fatp
Fatp2,CG44252
Fatp3,CG3394
Fign,CG3326
FipoQ,CG2010
Fitm,CG10671
Fkbp12,FK506-bp2
Fkbp39,FK506-bp1
Fkbp59,FKBP59
Flacc,CG7358
FoxL1,fd64A
Fpgs,CG2543
Fum1,l(1)G0255
Fum2,CG4095
Fum3,CG6140
Gapvd1,CG1657
Gdap2,CG18812
Gem4b,CG32786
Gem4c,CG32783
GlcT,GlcT-1
Gle1,CG14749
Glos,CG2941
GlyT,CG5549
Glyat,CG34010
Gnpnat,CG1969
Gorab,CG33052
Gpat4,CG3209
Gpdh3,CG43343
Gpo1,Gpo-1
Gpo2,CG2137
GramD1B,CG34394
Grik,CG5621
Grx1,Grx-1
HINT1,CG2862
HSPBAP1,CG43320
HUWE1,CG8184
Hacd2,CG9267
Hacl,CG11208
Had1,CG9914
Had2,CG10131
Helz,CG9425
HemK1,CG9531
Herc4,Sherpa
Hmgcl,CG10399
Hpd,CG11796
Hyccin,CG6406
IBIN,CR44404
IFT20,CG30441
IFT43,CG5780
IFT54,CG3259
IPIP,CG12393
Idh3a,l(1)G0156
Idh3b,CG6439
Idi,CG5919
Ids,CG12014
Impbeta11,Ranbp11
Ing5,CG9293
Irbp18,CG6272
Iru,CG11982
Ist1,CG10103
Itpr,Itp-r83A
JMJD4,CG7200
JMJD5,CG13902
JMJD7,CG10133
Jasper,CG7946
KaiR1D,CG3822
Kcmf1,CG11984
Kyat,CG6950
L2HGDH,CG10639
LUBEL,CG11321
Larp4B,CG11505
Ldh,ImpL3
Lfg,CG3814
Lime,CG18446
Lnpk,CG8735
Loxl1,lox
Lrp4,CG8909
Lsm12a,CG15735
Lztr1,CG3711
MCU,CG18769
MICU1,CG4495
MICU3,CG4662
Marc,CG1665
Marf1,CG17018
Mcad,CG12262
Mccc1,CG2118
Mccc2,CG3267
Mco3,MCO3
Mco4,CG32557
Megf8,CG7466
Mettl14,CG7818
Mettl3,Ime4
Mics1,CG1287
Mpcp1,CG9090
Mpcp2,Mpcp
Mpi,CG8417
Mps1,Ald
MsrA,Eip71CD
Mst27D,CG31907
Mst84B,CG1988
Mthfs,CG34424
Mtpbeta,Thiolase
Mvd,CG8239
Mybbp1A,l(1)1Bi
Mzt1,CG42787
NKCC,CG31547
NO66,CG2982
Naa15-16,NAA15-16
Naa20A,NAA20
Naa30A,CG11412
Naa35,CG4065
Naa40,CG7593
Naa80,CG8481
Nadsyn,CG9940
Naprt,CG3714
Naus,CG10915
Naxd,CG10424
Naxe,CG2974
Nazo,CG11671
Nct,nct
Ndf,CG4747
Nep7,CG5527
Nepl10,CG8550
Nepl11,CG9780
Nepl12,CG8358
Nepl13,CG4725
Nepl15,CG4721
Nepl16,CG13650
Nepl17,CG14529
Nepl18,CG14528
Nepl19,CG14523
Nepl20,CG14527
Nepl21,CG14526
Nepl3,CG31918
Nepl4,CG9505
Nepl5,CG9507
Nepl6,CG42370
Nepl9,CG13283
Nrd1,CG2025
Ntan1,SP2637
Nulp1,CG7927
Nup188,CG8771
Nup35,CG6540
OXA1L,CG6404
Octalpha2R,CG18208
Odj,CG7357
OtopLa,CG42492
OtopLc,CG42265
PAN3,CG11486
PCNA2,CG10262
PGAP1,CG3160
PGAP2,CG3876
PIG-A,CG6401
PIG-B,CG12006
PIG-F,CG9376
PIG-G,CG2144
PIG-H,CG14463
PIG-K,CG4406
PIG-L,CG4433
PIG-N,CG2292
PIG-O,CG12263
PIG-Q,Gpi1
PIG-T,CG11190
PIG-Wa,CG9870
PIG-X,CG30381
PLCXD,CG14945
PSMG1,CG2046
Paics,ade5
Parp16,CG15925
Pcyt1,Cct1
Pcyt2,Cct2
Pdhb,CG11876
Pdrg1,CG15863
Pdss2,CG10585
Pepck2,CG10924
Pfas,ade2
Pgant1,GalNAc-T1
Pgant2,pgant2
Pgant3,pgant3
Pgant4,pgant4
Pgant5,pgant5
Pgant6,pgant6
Pgant7,GalNAc-T2
Pgant8,pgant8
Pgant9,CG30463
Pgm1,Pgm
Pgm2a,Pmm45A
Pgm2b,CG10202
Phf5a,CG9548
Phs,CG7372
Pi4KIIIalpha,PI4KIIIalpha
Pif1,CG3238
Pisd,CG5991
Pits,CG11138
Pld3,CG9248
Plekhm1,CG6613
Pop1,l(1)G0045
Pop4,CG8038
Pop5,CG14057
Prdm13,CG13296
Prps,CG6767
Pstk,CG12788
Pus1,CG4159
Pus7,CG6745
Pyroxd1,CG10721
Qsox1,CG4670
Qsox2,CG17843
Qsox3,CG6690
RNaseZ,JhI-1
Rai1,CG9125
Rchy1,CG16947
ReepA,Reep1
ReepB,CG8331
Reepl1,CG11697
Regnase-1,CG10889
Rev7,rev7
Rexo5,CG8368
Rhau,CG9323
Rift,CG11576
Rilpl,CG11448
Rnb,CG7837
Rnf146,CG8786
Rnmt,l(2)35Bd
Rpe,CG30499
Rpp14b,CG15526
Rpp21,CG33082
Rpp25,CG9422
Rsbp15,CG10014
Rsph1,CG5458
Rsph3,CG32392
Rsph9,CG31803
Rubicon,CG12772
SCaMC,CG32103
Samtor,CG3570
Sarm,Ect4
Sbat,CG31950
Sccpdh1,CG2604
Sccpdh2,CG5167
Scsalpha1,Scsalpha
Scsalpha2,CG6255
ScsbetaA,skap
ScsbetaG,Sucb
Sec20,CG2023
SecCl,CG7589
SecS,CG1427
Secp43,CG15440
SelT,CG3887
Setd3,CG32732
Sf3a1,CG16941
Sf3a2,CG10754
Sf3b1,CG2807
Sf3b2,CG3605
Sf3b3,CG13900
Sf3b5,CG11985
Sf3b6,CG13298
Sfxn1-3,CG11739
Sfxn2,CG6812
Sgp,CG13091
Sgs5bis,CG7587
Sgsh,CG14291
Shmt,CG3011
SiaT,ST6Gal
Sil1,CG10420
Slc25A46a,CG8931
Sms,CG4300
Snx17,CG5734
Snx21,CG3077
Snx27,CG32758
Son,CG8273
Spag1,CG18472
Spg7,CG2658
Sps1,SelD
Srlp,CG5844
SrpRalpha,Gtp-bp
Srr,CG8129
Srrm1,SRm160
Srrm234,CG7971
Stacl,CG43729
Sting,CG1667
Stip1,Hop
Stoml2,CG2970
Stt3A,CG1518
Stt3B,OstStt3
Svil,CG45186
TBC1D23,CG4552
TBC1d7,CG6182
THADA,CG15618
TMEM216,CG8116
TORIP,CG14103
TTLL12,CG1550
TTLL15,CG4089
TTLL1B,CG32238
TTLL4A,CG16833
TTLL4B,CG3964
TTLL5,CG31108
TTLL6A,CG16716
TTLL6B,CG5987
Tep5Psi,Tep5
Theg,CG6332
Tmem63,CG11210
Tmtc3,CG4050
Tnpo,Trn
Tnpo-SR,Trn-SR
Tpst,Tango13
Trf5,CG15398
Tsen15,CG30343
Tsen2,CG31812
Tsen34,CG33260
Tsen54,CG5626
Ttc26,CG4525
Ttc30,CG5142
Ttc7,l(2)k14710
Uck,CG6364
Ufd4,CG5604
Ugalt,Csat
Uggt,Ugt
Ugt301D1,CG10178
Ugt302C1,Ugt86Da
Ugt302K1,Ugt86Di
Ugt303A1,Ugt86Dh
Ugt304A1,Ugt86Dj
Ugt305A1,CG18869
Ugt316A1,CG3797
Ugt317A1,Ugt58Fa
Ugt35A1,Ugt35a
Ugt35B1,Ugt35b
Ugt35C1,Ugt86Dd
Ugt35D1,CG31002
Ugt36A1,Dot
Ugt36D1,CG17323
Ugt36E1,CG17322
Ugt37A1,Ugt37a1
Ugt37A3,CG5999
Ugt37C1,Ugt37c1
Ugt37C2,Ugt36Ba
Ugt37D1,Ugt36Bc
Ugt49B1,CG4302
Ugt49C1,CG15661
Ugt50B3,CG30438
Urod,Updo
Uros1,CG1885
Uros2,CG9589
Uxs,CG7979
Uxt,l(2)35Cc
Vajk1,CG16886
Vajk2,CG16885
Vajk3,CG16884
Vajk4,CG30101
Vlet,CG2371
Vps13D,CG32113
Vps50,Vps54L
Wdfy2,CG5168
Wdr33,CG1109
Wdr37,CG12333
Wdr81,CG6734
Wdr92,CG14353
Xxylt,CG11388
YME1L,CG3499
Yif1,CG5484
Yip1d1,CG12404
Ythdc1,YT521-B
Ythdf,CG6422
Zdhhc8,CG34449
alpha-Catr,alpha-catenin-related
anchor,CG7510
anne,CG32000
apn,CG15887
aqz,CG9821
axed,CG8398
bb8,CG4434
brwl,CG3838
cass,Aac11
cocoon,CG7804
cyst,CG10188
daed,CG10880
ddbt,CG34264
dind,CG7705
dyw,CG2650
eEF1alpha1,Ef1alpha48D
eEF1alpha2,Ef1alpha100E
eEF1beta,Ef1beta
eEF1gamma,Ef1gamma
eEF2,EF2
eEF5,eIF-5A
eEFSec,EfSec
eIF1,CG17737
eIF1A,eIF-1A
eIF2Balpha,eIF2B-alpha
eIF2Bbeta,eIF2B-beta
eIF2Bdelta,eIF2B-delta
eIF2Bepsilon,eIF2B-epsilon
eIF2Bgamma,eIF2B-gamma
eIF2alpha,eIF-2alpha
eIF2beta,eIF-2beta
eIF2gamma,eIF-2gamma
eIF3a,eIF3-S10
eIF3b,eIF3-S9
eIF3c,eIF3-S8
eIF3d1,eIF-3p66
eIF3d2,CG4810
eIF3e,Int6
eIF3f1,CG9769
eIF3f2,CG8335
eIF3g1,eIF3ga
eIF3g2,eIF3gb
eIF3h,eIF-3p40
eIF3i,Trip1
eIF3j,Adam
eIF3k,CG10306
eIF3l,CG5642
eIF3m,Tango7
eIF4B,eIF-4B
eIF4E3,eIF4E-3
eIF4E4,eIF4E-4
eIF4E6,eIF4E-6
eIF4E7,eIF4E-7
eIF4EHP,4EHP
eIF4G1,eIF4G
eIF4H1,Rbp2
eRF3,Elf
fipi,CG15630
fiz,CG9509
flz,CG8213
fmt,CG10289
fzr,rap
galene,CG9194
gzl,godzilla
hiro,CG3344
hob,CG14967
hpRNA:CR18854,CR18854
hpRNA:CR32205,CR32205
hpRNA:CR32207,CR32207
hpRNA:CR33940,pncr009:3L
hrm,CG11665
hwt,CG43921
hzg,CG5830
ich,CG11966
jus,CG14509
kmg,CG5204
kmr,CG34383
knon,CG7813
kud,CG9669
l(3)80Fg,CG40178
l(3)80Fj,CG17514
lovit,CG45782
mAcon1,Acon
mEFG1,ico
mEFTs,CG6412
mEFTu1,EfTuM
mEFTu2,CG12736
mIF2,CG12413
mIF3,CG13163
mRF1,CG5705
mRRF1,CG4447
mRRF2,EF-G2
mah,CG13646
meng,CG11221
meru,CG32150
moon,CG12721
mrva,CG8602
mtgo,CG42389
nSMase,CG12034
narya,CG12200
naz,CG31235
nenya,CG31053
nkt,CG14141
ohgt,CG3925
ova,CG5694
p23,CG16817
pHCl-1,pHCl
pHCl-2,CG11340
prd1,CG17360
prg,fu2
puml,CG1882
raskol,CG42684
rdog,CG11897
red,CG12207
ringer,CG45057
salto,CG13164
sand,CG8713
saturn,CG32141
sbm,CG9413
shop,CG7280
shps,CG13611
side-II,CG42313
side-III,CG34113
side-IV,CG14372
side-V,CG34371
side-VI,CG34114
side-VII,CG12950
side-VIII,CG12484
sit,CG5278
slf,Clect27
smash,CG43427
snRNA:U12,snRNA:U12:73B
snRNA:U4atac,snRNA:U4atac:82E
snRNA:U6atac,snRNA:U6atac:29B
snsl,CG2837
snu,CG9990
sona,CG9850
sotv,Ext2
sov,CG14438
strat,CG7787
sturkopf,CG9186
stw,laccase2
tbc,CG32506
tea,CG30007
tpr,CG4386
udt,CG10217
vers,l(3)j2D3
vrs,CG5538
wrd,PP2A-B'
xmas,xmas-1
zda,CG5482
