gene,logFC,AveExpr,t,P.Value,adj.P.Val,B,Pathway,avg_control,avg_condition
Lysine,-0.7560396095364439,-37.005705003773706,-5.20151776590678,3.474707207465338e-4,0.03578948423689298,0.49999456460080083,Amino Acids,9.587910561560881e-12,5.631763537736374e-12
N-Acetyl-Aspartate,-1.4517132566934166,-33.884870199250784,-3.988395824030619,0.0023541310538616545,0.08965687678566657,-1.386883727533263,Other,1.0989696440857959e-10,4.219417481813656e-11
Dihydroxyacetone Phosphate,2.4984447744280516,-42.54544160459343,3.9260102998116566,0.0026113653432718415,0.08965687678566657,-1.4892001441675404,Glycolysis/PPP,9.095506380948766e-14,4.567044553363006e-13
3-Phosphoglycerate,3.5872608934181116,-38.07097745760355,3.507857822693144,0.0052924947203281504,0.11577760255256737,-2.1846940539194053,Glycolysis/PPP,2.944171942313781e-12,1.670872315331029e-11
Arginine,-0.6117047098508337,-36.60294204650124,-3.367476860224817,0.00673507512338382,0.11577760255256737,-2.4211055076013004,Urea Cycle,1.216747153743707e-11,7.865743733243237e-12
Pyridoxal,1.7644438982359532,-36.212343944969305,3.3666801872815366,0.006744326362285478,0.11577760255256737,-2.4224500442774763,Px(P),8.903120616816646e-12,2.540152304607911e-11
Cytidine,1.2804464927845771,-39.26095226711331,3.2646999905258807,0.008043073989602743,0.11834808870415464,-2.5947672738997736,Pyrimidine,1.1165888192415526e-12,2.496454035432868e-12
Aspartate,-1.262903635762953,-33.16900598451973,-3.1237619852234477,0.010271338746517724,0.12588227535105836,-2.833361867249788,Amino Acids,1.7476662632478578e-10,7.550570599521981e-11
Thymidine Monophosphate,1.9531366752311143,-45.421685523343946,3.0844087562138442,0.010999422118053643,0.12588227535105836,-2.900018882168059,Pyrimidine,1.566020762326978e-14,4.5076140726452677e-14
Kyneurine,1.0420442461430852,-42.16501412182575,2.74506901552383,0.01989705671525634,0.2049396841671403,-3.473236482440014,Organic Acids,1.5680915461975864e-13,3.1329679673353834e-13
Histidine,-0.5558505047687987,-37.21320580448704,-2.568997615596789,0.027068042415036395,0.2534553062498862,-3.767624322809583,Amino Acids,7.744918634655384e-12,5.3907264880714065e-12
Phosphoserine,-0.7241932195667644,-37.44925943771254,-2.5150121734932966,0.029741596372715076,0.2552820355324711,-3.8571649485051043,Organic Acids,7.181568361453922e-12,4.371043151703689e-12
Phosphocholine,-0.730818742264006,-34.45327867430293,-2.4569357471402515,0.032908213447185135,0.2607343065430822,-3.9530211835144144,Phospholipid,5.684295695615693e-11,3.546296222627131e-11
Glycolate,1.3990376636467303,-45.95708639223674,2.3444125022344533,0.0400103594970508,0.28796012209232796,-4.137131837764167,Organic Acids,1.1340276055571478e-14,3.082233160663594e-14
Glycerol-3-Phosphate,1.1328070513961706,-46.616299692377424,2.317260697904674,0.0419359401105332,0.28796012209232796,-4.181198417271916,Other,7.349596485687364e-15,1.534255713613624e-14
Creatine,-0.9125901618961407,-40.5149679495818,-2.1990412626593714,0.051416175764501075,0.328555633028703,-4.371182471868562,Other,9.686841381218074e-13,5.07802412300528e-13
Adenylosuccinate,-1.7650832657555213,-37.26115663891537,-2.1428539376204254,0.05661380341138028,0.328555633028703,-4.460285456219856,Purine,1.512221990113632e-11,4.99323779069524e-12
Threonine,-0.4605717036199479,-34.87503611490433,-2.134609058928105,0.05741748926715198,0.328555633028703,-4.473289660572547,Amino Acids,3.865843730626356e-11,2.7603259553605942e-11
Pyruvate,0.8096008327284778,-38.112872972199675,2.0017834316143546,0.07195521271088742,0.37493112450755073,-4.6800547676057285,Glycolysis/PPP,2.709165460722779e-12,5.062379902269565e-12
Aminoadipate,-0.7228819309961878,-40.33256871938754,-1.9948504316346587,0.07280216009855353,0.37493112450755073,-4.690696197584074,Organic Acids,9.767671416607916e-13,6.16862728419934e-13
Alanine,-0.724172836754569,-37.2734002567167,-1.953594692994603,0.07803833050503768,0.37717969005178853,-4.753685153043794,Amino Acids,8.356247036662006e-12,5.056402655136536e-12
Sarcosine,-0.757893625875532,-37.491344555236026,-1.9346217183144612,0.08056265224407134,0.37717969005178853,-4.782455429109183,Methionine Cycle,7.314431475318836e-12,4.329796529285281e-12
Acetate,0.7559267237993481,-39.269175602894705,1.8897773410561614,0.08683413177686784,0.38886589447901687,-4.849940628286635,Organic Acids,1.2182908374589812e-12,2.318079194010502e-12
Pyridoxal 5-phospahte,-0.8078840954244129,-38.021325322614764,-1.7931629689697643,0.10190675738347703,0.4166462313034909,-4.992710067458602,Px(P),5.031476114502597e-12,3.3482697802114375e-12
Alpha-Aminobutyrate,-0.5523262029438172,-39.39032840320958,-1.7766756352422641,0.10470637385384576,0.4166462313034909,-5.016694163334082,Organic Acids,1.7701938787363348e-12,1.2154280225698888e-12
Uridine,1.3533197069367446,-48.84110552342307,1.7676502399676293,0.10626842459661824,0.4166462313034909,-5.02977440245963,Pyrimidine,2.605385529111973e-15,3.6353553013886224e-15
Fructose-6-Phosphate,1.0221455491862343,-39.63424129339802,1.7509321524140407,0.10921794412809954,0.4166462313034909,-5.053910490939465,Glycolysis/PPP,1.1766874270068975e-12,1.9248315785079143e-12
Pyridoxamine 5-phosphate,0.5747045343884452,-41.27084918049045,1.6882645245612344,0.12094515037968336,0.42913605047565617,-5.1432763997744715,Px(P),3.471643758613048e-13,4.827713299077941e-13
Cysteinesulfonic Acid,-0.5848719064053753,-44.54293183995304,-1.6795071053798454,0.1226711994600879,0.42913605047565617,-5.15562117070549,Organic Acids,4.9271168165083974e-14,3.543548013701841e-14
Asparagine,-0.45208046309983985,-41.34763391266291,-1.667909076417243,0.12499108266281249,0.42913605047565617,-5.171914454229837,Amino Acids,4.4372841028648095e-13,3.158800900901058e-13
Alpha-Ketoglutarate,0.855066022837832,-38.98913755327976,1.5781826289373735,0.14429974382906954,0.47944753594819883,-5.2957408000233235,TCA Cycle,1.5810441935660901e-12,3.087077720976669e-12
Serine,-0.2701304155108346,-39.58631955539515,-1.5570155331918913,0.14922163678816425,0.48030714341190367,-5.324355210296367,Amino Acids,1.3590694394202508e-12,1.1201910067331362e-12
S-Adenosyl-Methionine,-0.4351414957963158,-41.32062558405887,-1.5344652895947675,0.15462627427627285,0.4826214015289728,-5.354578109327793,Methionine Cycle,4.432515558386807e-13,3.2881868150221784e-13
Phosphoethanolamine,-0.6991351677217565,-36.70502826611156,-1.509342649577295,0.160847602218264,0.48727361848474093,-5.387924559860389,Phospholipid,1.279102407574519e-11,8.047746150545818e-12
Phenylalanine,0.3704478821101205,-39.420720580570546,1.401934857066844,0.18994178211374935,0.5589715302204624,-5.526460590538446,Amino Acids,1.2621531793805876e-12,1.601962500016176e-12
Inosine Monophosphate,0.6245900115195582,-33.99041755268218,1.3632259992368494,0.20146905303937773,0.5764253461959974,-5.574706856593853,Purine,5.39982224960168e-11,8.074959219730896e-11
3-Hydroxybutyrate,-0.22422833299383882,-37.93583505991054,-1.3147684530404689,0.21671875373380814,0.6032981522860065,-5.6337809958095,Ketone Bodies,4.146015029928218e-12,3.6259622354802496e-12
Orotate,1.0383363288066718,-45.28866089378706,1.2515796869168103,0.2380228746251289,0.633882095248688,-5.708517272291817,Pyrimidine,2.1543211524172003e-14,4.840380033474645e-14
Proline,-0.5256046412391626,-34.63955022438827,-1.2286844221215638,0.2461501154839782,0.633882095248688,-5.7349331859002595,Amino Acids,4.889475668287953e-11,3.544137964003611e-11
Valine,-0.29356197925754657,-34.207659316840314,-1.2069904220341137,0.25405558245837434,0.633882095248688,-5.759628990636229,Amino Acids,5.740292791890732e-11,4.7668467139933713e-11
Cytosine Monophosphate,0.42500994699653205,-34.68864732446591,1.2040823830605696,0.2551305652115592,0.633882095248688,-5.762914426113933,Pyrimidine,3.411334070592249e-11,4.455144862027935e-11
Glucose-6-Phosphate,0.7975440829641443,-36.93193052595738,1.1950939148805768,0.25847619417907663,0.633882095248688,-5.77303174733051,Glycolysis/PPP,8.797517946721933e-12,1.2426909924936591e-11
2-Hydroxybutyrate,0.18159377470315263,-39.87715608623444,1.1446260275778495,0.2779121449130194,0.6645301345794004,-5.828766318038495,Organic Acids,9.486358004802778e-13,1.0673297628033195e-12
Tyrosine,-0.3923866330609087,-32.89368238338046,-1.0901180785559306,0.3001674455161359,0.6645301345794004,-5.886866497361738,Amino Acids,1.580287107854579e-10,1.1386398063890393e-10
N-Acetyl-Glycine,-0.2709459541093153,-33.98785898192046,-1.0809914609723819,0.3040240277841829,0.6645301345794004,-5.896376518335818,Other,6.641381029254209e-11,5.612566024228778e-11
Lactoyl-Glutathione,-0.6626294368067676,-42.884440544725926,-1.073363403001553,0.3072762742206735,0.6645301345794004,-5.904276311665631,Other,1.9625686205931016e-13,1.1539412194524124e-13
Dihydroorotate,-0.5323067743989114,-38.85317184750386,-1.062477023734623,0.31196342977176983,0.6645301345794004,-5.91547323144132,Pyrimidine,3.025295294710613e-12,1.919524015833738e-12
(Iso)Citrate,-0.9009525147874697,-39.609043699716466,-1.0552558670065686,0.3151022489062713,0.6645301345794004,-5.92284998398616,TCA Cycle,2.0408879056889017e-12,1.6585846993305723e-12
N-Acetyl-Glutamate,-0.3905726527964646,-34.18555990118143,-1.0528902121437895,0.31613569509117107,0.6645301345794004,-5.925257835306961,Urea Cycle,6.431026447259511e-11,4.797332280531822e-11
Fumarate,0.21766647088900015,-37.84532250608747,0.9756980541197052,0.3512666216117305,0.7185509931600993,-6.0014085379624,TCA Cycle,3.8088848223430605e-12,4.5704574340993155e-12
Hydroxyphenylpyruvate,0.29971777899968544,-42.94378162412914,0.9577340199819895,0.35983697031349515,0.7185509931600993,-6.018444162247856,Organic Acids,1.1323660663860303e-13,1.382238567391221e-13
Leucine,-0.2467985699853017,-32.008597164832175,-0.9482319163997813,0.3644308353282102,0.7185509931600993,-6.027348346328186,Amino Acids,2.6318318896974604e-10,2.2107466733784574e-10
Guanidoacetate,-0.6166086522756089,-35.119945820244375,-0.9227101421487862,0.3769772453841098,0.7185509931600993,-6.050894679990475,Other,3.489224708796318e-11,4.4474419046383915e-11
Betaine,-0.6101352242002775,-37.95321817931556,-0.9204556070843508,0.37810012665200254,0.7185509931600993,-6.052948648974394,Methionine Cycle,4.895342841249324e-12,6.156629026378018e-12
Adenosine,0.7240986569236725,-36.41686395032686,0.9092974991402363,0.3836922779010239,0.7185509931600993,-6.063051404269937,Purine,1.3477496912387438e-11,2.2063820799957395e-11
Spermine,0.7457471474015662,-41.19880840155103,0.8761475418771814,0.40064765610184694,0.7369055103301827,-6.092445439931209,Polyamine,4.696914525996456e-13,7.988436046368201e-13
Methionine,-0.3948732996449209,-34.338543281066855,-0.8608986286754382,0.4086184953420746,0.7383807898286612,-6.105651621043572,Methionine Cycle,6.169874674838675e-11,4.2272372460517664e-11
Succinate,0.29814354468432924,-34.45133457788683,0.814796752848558,0.43337109918950245,0.7696072968365303,-6.1443512546977255,TCA Cycle,4.21821774848075e-11,5.0250955080598815e-11
GABA,-0.30437254659172197,-34.53140165542635,-0.7072568222436395,0.4948818053042122,0.8639462024802349,-6.2272657956978374,Other,4.846534699662869e-11,4.081955568342332e-11
Ornithine,-0.33528195798707827,-40.714834635969744,-0.6729564816568638,0.5155852955320344,0.8850334251419194,-6.251484024221356,Urea Cycle,7.397165389453976e-13,5.917563402188695e-13
2-Oxo-Adipate,0.3396700881898198,-44.9173843080167,0.6590152025200634,0.5241460090646318,0.8850334251419194,-6.261012820355267,Organic Acids,3.51075448076895e-14,3.659684463996003e-14
Glutamate,-0.14427196527162067,-35.82792046162049,-0.5739445242444521,0.5781529143899428,0.9311050995554431,-6.315150469536439,Amino Acids,1.8023669378410145e-11,1.609728507665675e-11
Lactate,0.20146221651415175,-32.67474403112838,0.5630770998228727,0.5852642672573103,0.9311050995554431,-6.321563676566644,Glycolysis/PPP,1.423693125380981e-10,1.7403101265097034e-10
Carbamoyl Aspartate,-0.22262013040155892,-35.06193736574324,-0.5467014073266168,0.5960675979045826,0.9311050995554431,-6.331009641179996,Pyrimidine,3.6105055249844e-11,2.742528881365268e-11
Xanthosine Monophosphate,0.20108061015972822,-36.05785926111121,0.5405069108231116,0.6001813061881134,0.9311050995554431,-6.334514285556932,Purine,1.457971954970785e-11,1.554204143136889e-11
Methylmalonate,0.1524469748006254,-35.564560037473704,0.535340678260997,0.6036234063509072,0.9311050995554431,-6.337408323537647,Organic Acids,1.9398988259790876e-11,2.191656678733169e-11
Isoleucine,-0.13974620524046344,-34.47294648200545,-0.5322757120157673,0.6056703074778125,0.9311050995554431,-6.339112848009284,Amino Acids,4.604772471825965e-11,4.149453526259337e-11
Sedoheptulose-7-Phosphate,0.23660206673660156,-39.40827899714888,0.48117163566784565,0.6403143567959009,0.969887922793791,-6.366162484946885,Glycolysis/PPP,1.480377028835573e-12,1.7140427075209313e-12
Guanosine Monophosphate,0.16855487715448447,-33.301389547190126,0.45866164373051105,0.6558717741700677,0.9790549672393764,-6.377250322328602,Purine,9.94277267370833e-11,1.0354514799574228e-10
Glycine,-0.201298458601201,-42.476720190474055,-0.3938375163276005,0.7016203883271268,0.9999999999981515,-6.406320421274023,Amino Acids,2.409504486917205e-13,1.6150303300492842e-13
Oxalate,-0.2152406337043118,-40.31029476332667,-0.3822120874230556,0.7099649023767214,0.9999999999981515,-6.411080990522056,Organic Acids,9.372991812628366e-13,8.581414991386176e-13
Spermidine,-0.21979625830359595,-36.30931930866634,-0.338953269290793,0.7413599722184053,0.9999999999981515,-6.4275745375225215,Polyamine,1.5210750302507668e-11,1.4714841434847613e-11
Adenosine Monophosphate,-0.09861116078854337,-33.5568932233189,-0.3113377364170485,0.7616683490392124,0.9999999999981515,-6.437091513739984,Purine,8.921698024763131e-11,7.817838749412353e-11
Pyroglutamate,0.058190296558930044,-29.7497464235268,0.3097908012446291,0.7628117306002606,0.9999999999981515,-6.437601184469814,Other,1.1053231306756185e-9,1.1588473613535057e-9
AICAR,0.13547732481237773,-41.96449290700424,0.2692340482100672,0.792992717515353,0.9999999999981515,-6.450072490069779,Purine,2.7460651217380254e-13,2.745308246030794e-13
S-Adenosyl-Homocysteine,-0.0818462256232877,-40.47373915086933,-0.2511990070321942,0.8065325945115092,0.9999999999981515,-6.455065094719818,Methionine Cycle,7.291222979696701e-13,6.663167327277604e-13
Malate,-0.09210984193730098,-34.30752426202143,-0.2497450035929836,0.8076271695473061,0.9999999999981515,-6.455452721218534,TCA Cycle,5.2383656867826434e-11,4.9454264489069846e-11
Glutamine,-0.09618276730555664,-36.23449251622969,-0.24677850874693197,0.809861689876655,0.9999999999981515,-6.456236671962975,Amino Acids,1.3912680873125986e-11,1.3420410954657767e-11
Fructose,0.23985286414246332,-42.88717538297374,0.24416669352524978,0.8118305232149549,0.9999999999981515,-6.4569192291821205,Glycolysis/PPP,1.4278589398817644e-13,3.5589870533815014e-13
Uridine Monophosphate,-0.05943555163018743,-36.148432573383566,-0.22560213339521346,0.8258634572628806,0.9999999999981515,-6.461563782775604,Pyrimidine,1.39168581136391e-11,1.345977403589946e-11
Glucose/Galactose,0.2895633345088129,-43.24682285397302,0.1973927028907051,0.8473082444974548,0.9999999999981515,-6.467925018904783,Glycolysis/PPP,1.1806252782419148e-13,2.2585267916660615e-12
2-Hydroxyglutarate,-0.06001322148328825,-35.76988293379754,-0.11986506387520972,0.9068640540279116,0.9999999999981515,-6.481060773313716,TCA Cycle,1.8881777116688455e-11,1.9636894581859354e-11
Tryptophan,-0.013764416363493126,-35.846305308035475,-0.09100906410215796,0.9292069124300952,0.9999999999981515,-6.484315364749493,Amino Acids,1.632069040442381e-11,1.65201322280987e-11
Uroconic Acid,0.038672974063906906,-35.40754901541134,0.08931319458681143,0.9305222024328685,0.9999999999981515,-6.484478976518008,Organic Acids,2.4413083064905582e-11,2.5128664260281475e-11
6-Phosphogluconate,1.4210854715202004e-14,-66.43856189774725,2.3728614529993958e-12,0.9999999999981515,0.9999999999981515,-6.488748505868171,Glycolysis/PPP,0,0
Ribose-5-Phosphate,1.4210854715202004e-14,-66.43856189774725,2.3728614529993958e-12,0.9999999999981515,0.9999999999981515,-6.488748505868171,Glycolysis/PPP,0,0
Xylulose-5-Phosphate,1.4210854715202004e-14,-66.43856189774725,2.3728614529993958e-12,0.9999999999981515,0.9999999999981515,-6.488748505868171,Glycolysis/PPP,0,0
Carbamoyl Phosphate,1.4210854715202004e-14,-66.43856189774725,2.3728614529993958e-12,0.9999999999981515,0.9999999999981515,-6.488748505868171,Urea Cycle,0,0
Citrulline,1.4210854715202004e-14,-66.43856189774725,2.3728614529993958e-12,0.9999999999981515,0.9999999999981515,-6.488748505868171,Urea Cycle,0,0
Argininosuccinate,1.4210854715202004e-14,-66.43856189774725,2.3728614529993958e-12,0.9999999999981515,0.9999999999981515,-6.488748505868171,Urea Cycle,0,0
Hydroxyproline,1.4210854715202004e-14,-66.43856189774725,2.3728614529993958e-12,0.9999999999981515,0.9999999999981515,-6.488748505868171,Amino Acids,0,0
Pyridoxamine,1.4210854715202004e-14,-66.43856189774725,2.3728614529993958e-12,0.9999999999981515,0.9999999999981515,-6.488748505868171,Px(P),0,0
Pyridoxine,1.4210854715202004e-14,-66.43856189774725,2.3728614529993958e-12,0.9999999999981515,0.9999999999981515,-6.488748505868171,Px(P),0,0
Oxaloacetate,1.4210854715202004e-14,-66.43856189774725,2.3728614529993958e-12,0.9999999999981515,0.9999999999981515,-6.488748505868171,TCA Cycle,0,0
5-Aminolevulinic Acid,1.4210854715202004e-14,-66.43856189774725,2.3728614529993958e-12,0.9999999999981515,0.9999999999981515,-6.488748505868171,TCA Cycle,0,0
Homocysteine,1.4210854715202004e-14,-66.43856189774725,2.3728614529993958e-12,0.9999999999981515,0.9999999999981515,-6.488748505868171,Methionine Cycle,0,0
Guanosine,1.4210854715202004e-14,-66.43856189774725,2.3728614529993958e-12,0.9999999999981515,0.9999999999981515,-6.488748505868171,Purine,0,0
Putrescine,1.4210854715202004e-14,-66.43856189774725,2.3728614529993958e-12,0.9999999999981515,0.9999999999981515,-6.488748505868171,Polyamine,0,0
Acetoacetate,1.4210854715202004e-14,-66.43856189774725,2.3728614529993958e-12,0.9999999999981515,0.9999999999981515,-6.488748505868171,Ketone Bodies,0,0
Glycoxylate,1.4210854715202004e-14,-66.43856189774725,2.3728614529993958e-12,0.9999999999981515,0.9999999999981515,-6.488748505868171,Organic Acids,0,0
Lipoate,1.4210854715202004e-14,-66.43856189774725,2.3728614529993958e-12,0.9999999999981515,0.9999999999981515,-6.488748505868171,Organic Acids,0,0
4-Methyl-2-Oxo-Valerate,1.4210854715202004e-14,-66.43856189774725,2.3728614529993958e-12,0.9999999999981515,0.9999999999981515,-6.488748505868171,Organic Acids,0,0
Creatine Phosphate,1.4210854715202004e-14,-66.43856189774725,2.3728614529993958e-12,0.9999999999981515,0.9999999999981515,-6.488748505868171,Other,0,0
D6-Glutaric Acid,NA,NA,NA,NA,NA,NA,Internal Std,NA,NA
Sum,NA,NA,NA,NA,NA,NA,NA,NA,NA
