manuscript_panel,measurement,unit,value,genotype_raw,rnai,panel_side,replicate_id
Fig_1B,Cells per NSC lineage,cells per NSC lineage,56,mCherry X TubFRTGFP,Control,left,b01
Fig_1B,Cells per NSC lineage,cells per NSC lineage,62,mCherry X TubFRTGFP,Control,left,b01
Fig_1B,Cells per NSC lineage,cells per NSC lineage,82,mCherry X TubFRTGFP,Control,left,b01
Fig_1B,Cells per NSC lineage,cells per NSC lineage,48,mCherry X TubFRTGFP,Control,left,b01
Fig_1B,Cells per NSC lineage,cells per NSC lineage,74,mCherry X TubFRTGFP,Control,left,b01
Fig_1B,Cells per NSC lineage,cells per NSC lineage,30,mCherry X TubFRTGFP,Control,left,b01
Fig_1B,Cells per NSC lineage,cells per NSC lineage,63,mCherry X TubFRTGFP,Control,left,b01
Fig_1B,Cells per NSC lineage,cells per NSC lineage,23,mCherry X TubFRTGFP,Control,left,b01
Fig_1B,Cells per NSC lineage,cells per NSC lineage,55,mCherry X TubFRTGFP,Control,left,b01
Fig_1B,Cells per NSC lineage,cells per NSC lineage,61,mCherry X TubFRTGFP,Control,left,b02
Fig_1B,Cells per NSC lineage,cells per NSC lineage,81,mCherry X TubFRTGFP,Control,left,b02
Fig_1B,Cells per NSC lineage,cells per NSC lineage,49,mCherry X TubFRTGFP,Control,left,b02
Fig_1B,Cells per NSC lineage,cells per NSC lineage,42,mCherry X TubFRTGFP,Control,left,b02
Fig_1B,Cells per NSC lineage,cells per NSC lineage,39,mCherry X TubFRTGFP,Control,left,b02
Fig_1B,Cells per NSC lineage,cells per NSC lineage,40,mCherry X TubFRTGFP,Control,left,b02
Fig_1B,Cells per NSC lineage,cells per NSC lineage,63,mCherry X TubFRTGFP,Control,left,b02
Fig_1B,Cells per NSC lineage,cells per NSC lineage,52,mCherry X TubFRTGFP,Control,left,b03
Fig_1B,Cells per NSC lineage,cells per NSC lineage,36,mCherry X TubFRTGFP,Control,left,b03
Fig_1B,Cells per NSC lineage,cells per NSC lineage,53,mCherry X TubFRTGFP,Control,left,b03
Fig_1B,Cells per NSC lineage,cells per NSC lineage,36,mCherry X TubFRTGFP,Control,left,b03
Fig_1B,Cells per NSC lineage,cells per NSC lineage,41,mCherry X TubFRTGFP,Control,left,b03
Fig_1B,Cells per NSC lineage,cells per NSC lineage,52,mCherry X TubFRTGFP,Control,left,b03
Fig_1B,Cells per NSC lineage,cells per NSC lineage,36,mCherry X TubFRTGFP,Control,left,b03
Fig_1B,Cells per NSC lineage,cells per NSC lineage,77,mCherry X TubFRTGFP,Control,left,b04
Fig_1B,Cells per NSC lineage,cells per NSC lineage,72,mCherry X TubFRTGFP,Control,left,b04
Fig_1B,Cells per NSC lineage,cells per NSC lineage,73,mCherry X TubFRTGFP,Control,left,b04
Fig_1B,Cells per NSC lineage,cells per NSC lineage,59,mCherry X TubFRTGFP,Control,left,b04
Fig_1B,Cells per NSC lineage,cells per NSC lineage,51,mCherry X TubFRTGFP,Control,left,b04
Fig_1B,Cells per NSC lineage,cells per NSC lineage,39,mCherry X TubFRTGFP,Control,left,b04
Fig_1B,Cells per NSC lineage,cells per NSC lineage,97,mCherry X TubFRTGFP,Control,left,b04
Fig_1B,Cells per NSC lineage,cells per NSC lineage,57,mCherry X TubFRTGFP,Control,left,b05
Fig_1B,Cells per NSC lineage,cells per NSC lineage,29,mCherry X TubFRTGFP,Control,left,b05
Fig_1B,Cells per NSC lineage,cells per NSC lineage,45,mCherry X TubFRTGFP,Control,left,b05
Fig_1B,Cells per NSC lineage,cells per NSC lineage,63,mCherry X TubFRTGFP,Control,left,b05
Fig_1B,Cells per NSC lineage,cells per NSC lineage,53,mCherry X TubFRTGFP,Control,left,b05
Fig_1B,Cells per NSC lineage,cells per NSC lineage,87,mCherry X TubFRTGFP,Control,left,b05
Fig_1B,Cells per NSC lineage,cells per NSC lineage,68,mCherry X TubFRTGFP,Control,left,b05
Fig_1B,Cells per NSC lineage,cells per NSC lineage,53,mCherry X TubFRTGFP,Control,left,b05
Fig_1B,Cells per NSC lineage,cells per NSC lineage,50,mCherry X TubFRTGFP,Control,left,b06
Fig_1B,Cells per NSC lineage,cells per NSC lineage,52,mCherry X TubFRTGFP,Control,left,b06
Fig_1B,Cells per NSC lineage,cells per NSC lineage,33,mCherry X TubFRTGFP,Control,left,b06
Fig_1B,Cells per NSC lineage,cells per NSC lineage,65,mCherry X TubFRTGFP,Control,left,b06
Fig_1B,Cells per NSC lineage,cells per NSC lineage,74,mCherry X TubFRTGFP,Control,left,b06
Fig_1B,Cells per NSC lineage,cells per NSC lineage,80,mCherry X TubFRTGFP,Control,left,b06
Fig_1B,Cells per NSC lineage,cells per NSC lineage,27,mCherry X TubFRTGFP,Control,left,b06
Fig_1B,Cells per NSC lineage,cells per NSC lineage,27,mCherry X TubFRTGFP,Control,left,b06
Fig_1B,Cells per NSC lineage,cells per NSC lineage,24,ND75 X TubFRTGFP,Complex I,left,b07
Fig_1B,Cells per NSC lineage,cells per NSC lineage,23,ND75 X TubFRTGFP,Complex I,left,b07
Fig_1B,Cells per NSC lineage,cells per NSC lineage,39,ND75 X TubFRTGFP,Complex I,left,b07
Fig_1B,Cells per NSC lineage,cells per NSC lineage,10,ND75 X TubFRTGFP,Complex I,left,b07
Fig_1B,Cells per NSC lineage,cells per NSC lineage,40,ND75 X TubFRTGFP,Complex I,left,b07
Fig_1B,Cells per NSC lineage,cells per NSC lineage,16,ND75 X TubFRTGFP,Complex I,left,b07
Fig_1B,Cells per NSC lineage,cells per NSC lineage,24,ND75 X TubFRTGFP,Complex I,left,b08
Fig_1B,Cells per NSC lineage,cells per NSC lineage,20,ND75 X TubFRTGFP,Complex I,left,b08
Fig_1B,Cells per NSC lineage,cells per NSC lineage,16,ND75 X TubFRTGFP,Complex I,left,b09
Fig_1B,Cells per NSC lineage,cells per NSC lineage,24,ND75 X TubFRTGFP,Complex I,left,b09
Fig_1B,Cells per NSC lineage,cells per NSC lineage,18,ND75 X TubFRTGFP,Complex I,left,b09
Fig_1B,Cells per NSC lineage,cells per NSC lineage,37,ND75 X TubFRTGFP,Complex I,left,b10
Fig_1B,Cells per NSC lineage,cells per NSC lineage,45,ND75 X TubFRTGFP,Complex I,left,b11
Fig_1B,Cells per NSC lineage,cells per NSC lineage,13,ND75 X TubFRTGFP,Complex I,left,b11
Fig_1B,Cells per NSC lineage,cells per NSC lineage,33,ND75 X TubFRTGFP,Complex I,left,b11
Fig_1B,Cells per NSC lineage,cells per NSC lineage,11,ND75 X TubFRTGFP,Complex I,left,b11
Fig_1B,Cells per NSC lineage,cells per NSC lineage,17,ND75 X TubFRTGFP,Complex I,left,b11
Fig_1B,Cells per NSC lineage,cells per NSC lineage,8,ND75 X TubFRTGFP,Complex I,left,b12
Fig_1B,Cells per NSC lineage,cells per NSC lineage,28,ND75 X TubFRTGFP,Complex I,left,b12
Fig_1B,Cells per NSC lineage,cells per NSC lineage,8,ND75 X TubFRTGFP,Complex I,left,b12
Fig_1B,Cells per NSC lineage,cells per NSC lineage,16,ND75 X TubFRTGFP,Complex I,left,b12
Fig_1B,Cells per NSC lineage,cells per NSC lineage,23,ND75 X TubFRTGFP,Complex I,left,b12
Fig_1B,Cells per NSC lineage,cells per NSC lineage,22,ATPsynO X TubFRTGFP,Complex V,left,b13
Fig_1B,Cells per NSC lineage,cells per NSC lineage,29,ATPsynO X TubFRTGFP,Complex V,left,b13
Fig_1B,Cells per NSC lineage,cells per NSC lineage,20,ATPsynO X TubFRTGFP,Complex V,left,b13
Fig_1B,Cells per NSC lineage,cells per NSC lineage,13,ATPsynO X TubFRTGFP,Complex V,left,b13
Fig_1B,Cells per NSC lineage,cells per NSC lineage,7,ATPsynO X TubFRTGFP,Complex V,left,b13
Fig_1B,Cells per NSC lineage,cells per NSC lineage,33,ATPsynO X TubFRTGFP,Complex V,left,b13
Fig_1B,Cells per NSC lineage,cells per NSC lineage,24,ATPsynO X TubFRTGFP,Complex V,left,b13
Fig_1B,Cells per NSC lineage,cells per NSC lineage,25,ATPsynO X TubFRTGFP,Complex V,left,b13
Fig_1B,Cells per NSC lineage,cells per NSC lineage,20,ATPsynO X TubFRTGFP,Complex V,left,b14
Fig_1B,Cells per NSC lineage,cells per NSC lineage,18,ATPsynO X TubFRTGFP,Complex V,left,b14
Fig_1B,Cells per NSC lineage,cells per NSC lineage,18,ATPsynO X TubFRTGFP,Complex V,left,b14
Fig_1B,Cells per NSC lineage,cells per NSC lineage,42,ATPsynO X TubFRTGFP,Complex V,left,b15
Fig_1B,Cells per NSC lineage,cells per NSC lineage,36,ATPsynO X TubFRTGFP,Complex V,left,b15
Fig_1B,Cells per NSC lineage,cells per NSC lineage,38,ATPsynO X TubFRTGFP,Complex V,left,b15
Fig_1B,Cells per NSC lineage,cells per NSC lineage,18,ATPsynO X TubFRTGFP,Complex V,left,b15
Fig_1B,Cells per NSC lineage,cells per NSC lineage,22,ATPsynO X TubFRTGFP,Complex V,left,b15
Fig_1B,Cells per NSC lineage,cells per NSC lineage,33,ATPsynO X TubFRTGFP,Complex V,left,b16
Fig_1B,Cells per NSC lineage,cells per NSC lineage,29,ATPsynO X TubFRTGFP,Complex V,left,b16
Fig_1B,Cells per NSC lineage,cells per NSC lineage,19,ATPsynO X TubFRTGFP,Complex V,left,b16
Fig_1B,Cells per NSC lineage,cells per NSC lineage,55,ATPsynO X TubFRTGFP,Complex V,left,b16
Fig_1B,Cells per NSC lineage,cells per NSC lineage,22,ATPsynO X TubFRTGFP,Complex V,left,b17
Fig_1B,Cells per NSC lineage,cells per NSC lineage,40,ATPsynO X TubFRTGFP,Complex V,left,b17
Fig_1B,Cells per NSC lineage,cells per NSC lineage,14,ATPsynO X TubFRTGFP,Complex V,left,b17
Fig_1B,Cells per NSC lineage,cells per NSC lineage,12,ATPsynO X TubFRTGFP,Complex V,left,b17
Fig_1B,Cells per NSC lineage,cells per NSC lineage,34,mCherry > AyGal4,Control,right,b18
Fig_1B,Cells per NSC lineage,cells per NSC lineage,62,mCherry > AyGal4,Control,right,b18
Fig_1B,Cells per NSC lineage,cells per NSC lineage,76,mCherry > AyGal4,Control,right,b18
Fig_1B,Cells per NSC lineage,cells per NSC lineage,127,mCherry > AyGal4,Control,right,b18
Fig_1B,Cells per NSC lineage,cells per NSC lineage,57,mCherry > AyGal4,Control,right,b18
Fig_1B,Cells per NSC lineage,cells per NSC lineage,122,mCherry > AyGal4,Control,right,b18
Fig_1B,Cells per NSC lineage,cells per NSC lineage,81,mCherry > AyGal4,Control,right,b18
Fig_1B,Cells per NSC lineage,cells per NSC lineage,14,mCherry > AyGal4,Control,right,b18
Fig_1B,Cells per NSC lineage,cells per NSC lineage,60,mCherry > AyGal4,Control,right,b18
Fig_1B,Cells per NSC lineage,cells per NSC lineage,53,mCherry > AyGal4,Control,right,b19
Fig_1B,Cells per NSC lineage,cells per NSC lineage,45,mCherry > AyGal4,Control,right,b19
Fig_1B,Cells per NSC lineage,cells per NSC lineage,27,mCherry > AyGal4,Control,right,b19
Fig_1B,Cells per NSC lineage,cells per NSC lineage,61,mCherry > AyGal4,Control,right,b19
Fig_1B,Cells per NSC lineage,cells per NSC lineage,61,mCherry > AyGal4,Control,right,b19
Fig_1B,Cells per NSC lineage,cells per NSC lineage,112,mCherry > AyGal4,Control,right,b19
Fig_1B,Cells per NSC lineage,cells per NSC lineage,45,mCherry > AyGal4,Control,right,b19
Fig_1B,Cells per NSC lineage,cells per NSC lineage,70,mCherry > AyGal4,Control,right,b19
Fig_1B,Cells per NSC lineage,cells per NSC lineage,87,mCherry > AyGal4,Control,right,b20
Fig_1B,Cells per NSC lineage,cells per NSC lineage,79,mCherry > AyGal4,Control,right,b20
Fig_1B,Cells per NSC lineage,cells per NSC lineage,87,mCherry > AyGal4,Control,right,b20
Fig_1B,Cells per NSC lineage,cells per NSC lineage,48,mCherry > AyGal4,Control,right,b20
Fig_1B,Cells per NSC lineage,cells per NSC lineage,66,mCherry > AyGal4,Control,right,b20
Fig_1B,Cells per NSC lineage,cells per NSC lineage,49,mCherry > AyGal4,Control,right,b20
Fig_1B,Cells per NSC lineage,cells per NSC lineage,50,mCherry > AyGal4,Control,right,b20
Fig_1B,Cells per NSC lineage,cells per NSC lineage,52,mCherry > AyGal4,Control,right,b20
Fig_1B,Cells per NSC lineage,cells per NSC lineage,77,mCherry > AyGal4,Control,right,b20
Fig_1B,Cells per NSC lineage,cells per NSC lineage,104,mCherry > AyGal4,Control,right,b21
Fig_1B,Cells per NSC lineage,cells per NSC lineage,95,mCherry > AyGal4,Control,right,b21
Fig_1B,Cells per NSC lineage,cells per NSC lineage,9,mCherry > AyGal4,Control,right,b21
Fig_1B,Cells per NSC lineage,cells per NSC lineage,49,mCherry > AyGal4,Control,right,b21
Fig_1B,Cells per NSC lineage,cells per NSC lineage,48,mCherry > AyGal4,Control,right,b21
Fig_1B,Cells per NSC lineage,cells per NSC lineage,43,mCherry > AyGal4,Control,right,b21
Fig_1B,Cells per NSC lineage,cells per NSC lineage,110,mCherry > AyGal4,Control,right,b21
Fig_1B,Cells per NSC lineage,cells per NSC lineage,52,ND75 > AyGal4,Complex I,right,b22
Fig_1B,Cells per NSC lineage,cells per NSC lineage,33,ND75 > AyGal4,Complex I,right,b22
Fig_1B,Cells per NSC lineage,cells per NSC lineage,43,ND75 > AyGal4,Complex I,right,b22
Fig_1B,Cells per NSC lineage,cells per NSC lineage,38,ND75 > AyGal4,Complex I,right,b22
Fig_1B,Cells per NSC lineage,cells per NSC lineage,44,ND75 > AyGal4,Complex I,right,b22
Fig_1B,Cells per NSC lineage,cells per NSC lineage,61,ND75 > AyGal4,Complex I,right,b22
Fig_1B,Cells per NSC lineage,cells per NSC lineage,38,ND75 > AyGal4,Complex I,right,b22
Fig_1B,Cells per NSC lineage,cells per NSC lineage,42,ND75 > AyGal4,Complex I,right,b22
Fig_1B,Cells per NSC lineage,cells per NSC lineage,87,ND75 > AyGal4,Complex I,right,b23
Fig_1B,Cells per NSC lineage,cells per NSC lineage,39,ND75 > AyGal4,Complex I,right,b23
Fig_1B,Cells per NSC lineage,cells per NSC lineage,43,ND75 > AyGal4,Complex I,right,b23
Fig_1B,Cells per NSC lineage,cells per NSC lineage,60,ND75 > AyGal4,Complex I,right,b23
Fig_1B,Cells per NSC lineage,cells per NSC lineage,71,ND75 > AyGal4,Complex I,right,b23
Fig_1B,Cells per NSC lineage,cells per NSC lineage,71,ND75 > AyGal4,Complex I,right,b23
Fig_1B,Cells per NSC lineage,cells per NSC lineage,60,ND75 > AyGal4,Complex I,right,b23
Fig_1B,Cells per NSC lineage,cells per NSC lineage,113,ND75 > AyGal4,Complex I,right,b23
Fig_1B,Cells per NSC lineage,cells per NSC lineage,95,ND75 > AyGal4,Complex I,right,b24
Fig_1B,Cells per NSC lineage,cells per NSC lineage,52,ND75 > AyGal4,Complex I,right,b24
Fig_1B,Cells per NSC lineage,cells per NSC lineage,65,ND75 > AyGal4,Complex I,right,b24
Fig_1B,Cells per NSC lineage,cells per NSC lineage,37,ND75 > AyGal4,Complex I,right,b24
Fig_1B,Cells per NSC lineage,cells per NSC lineage,35,ND75 > AyGal4,Complex I,right,b24
Fig_1B,Cells per NSC lineage,cells per NSC lineage,70,ND75 > AyGal4,Complex I,right,b24
Fig_1B,Cells per NSC lineage,cells per NSC lineage,65,ND75 > AyGal4,Complex I,right,b25
Fig_1B,Cells per NSC lineage,cells per NSC lineage,63,ND75 > AyGal4,Complex I,right,b25
Fig_1B,Cells per NSC lineage,cells per NSC lineage,49,ND75 > AyGal4,Complex I,right,b25
Fig_1B,Cells per NSC lineage,cells per NSC lineage,29,ND75 > AyGal4,Complex I,right,b25
Fig_1B,Cells per NSC lineage,cells per NSC lineage,50,ND75 > AyGal4,Complex I,right,b25
Fig_1B,Cells per NSC lineage,cells per NSC lineage,49,ND75 > AyGal4,Complex I,right,b25
Fig_1B,Cells per NSC lineage,cells per NSC lineage,48,ND75 > AyGal4,Complex I,right,b25
Fig_1B,Cells per NSC lineage,cells per NSC lineage,57,ND75 > AyGal4,Complex I,right,b25
Fig_1B,Cells per NSC lineage,cells per NSC lineage,37,ND75 > AyGal4,Complex I,right,b26
Fig_1B,Cells per NSC lineage,cells per NSC lineage,28,ND75 > AyGal4,Complex I,right,b26
Fig_1B,Cells per NSC lineage,cells per NSC lineage,77,ND75 > AyGal4,Complex I,right,b26
Fig_1B,Cells per NSC lineage,cells per NSC lineage,91,ND75 > AyGal4,Complex I,right,b27
Fig_1B,Cells per NSC lineage,cells per NSC lineage,56,ND75 > AyGal4,Complex I,right,b27
Fig_1B,Cells per NSC lineage,cells per NSC lineage,47,ND75 > AyGal4,Complex I,right,b27
Fig_1B,Cells per NSC lineage,cells per NSC lineage,59,ND75 > AyGal4,Complex I,right,b27
Fig_1B,Cells per NSC lineage,cells per NSC lineage,19,ND75 > AyGal4,Complex I,right,b27
Fig_1B,Cells per NSC lineage,cells per NSC lineage,25,ND75 > AyGal4,Complex I,right,b27
Fig_1B,Cells per NSC lineage,cells per NSC lineage,60,ND75 > AyGal4,Complex I,right,b27
Fig_1B,Cells per NSC lineage,cells per NSC lineage,31,ATPsynO > AyGal4,Complex V,right,b28
Fig_1B,Cells per NSC lineage,cells per NSC lineage,79,ATPsynO > AyGal4,Complex V,right,b28
Fig_1B,Cells per NSC lineage,cells per NSC lineage,52,ATPsynO > AyGal4,Complex V,right,b28
Fig_1B,Cells per NSC lineage,cells per NSC lineage,42,ATPsynO > AyGal4,Complex V,right,b28
Fig_1B,Cells per NSC lineage,cells per NSC lineage,59,ATPsynO > AyGal4,Complex V,right,b28
Fig_1B,Cells per NSC lineage,cells per NSC lineage,77,ATPsynO > AyGal4,Complex V,right,b28
Fig_1B,Cells per NSC lineage,cells per NSC lineage,34,ATPsynO > AyGal4,Complex V,right,b28
Fig_1B,Cells per NSC lineage,cells per NSC lineage,46,ATPsynO > AyGal4,Complex V,right,b29
Fig_1B,Cells per NSC lineage,cells per NSC lineage,49,ATPsynO > AyGal4,Complex V,right,b29
Fig_1B,Cells per NSC lineage,cells per NSC lineage,46,ATPsynO > AyGal4,Complex V,right,b29
Fig_1B,Cells per NSC lineage,cells per NSC lineage,57,ATPsynO > AyGal4,Complex V,right,b29
Fig_1B,Cells per NSC lineage,cells per NSC lineage,77,ATPsynO > AyGal4,Complex V,right,b29
Fig_1B,Cells per NSC lineage,cells per NSC lineage,85,ATPsynO > AyGal4,Complex V,right,b29
Fig_1B,Cells per NSC lineage,cells per NSC lineage,55,ATPsynO > AyGal4,Complex V,right,b30
Fig_1B,Cells per NSC lineage,cells per NSC lineage,65,ATPsynO > AyGal4,Complex V,right,b30
Fig_1B,Cells per NSC lineage,cells per NSC lineage,56,ATPsynO > AyGal4,Complex V,right,b30
Fig_1B,Cells per NSC lineage,cells per NSC lineage,50,ATPsynO > AyGal4,Complex V,right,b30
Fig_1B,Cells per NSC lineage,cells per NSC lineage,25,ATPsynO > AyGal4,Complex V,right,b30
Fig_1B,Cells per NSC lineage,cells per NSC lineage,46,ATPsynO > AyGal4,Complex V,right,b30
Fig_1B,Cells per NSC lineage,cells per NSC lineage,32,ATPsynO > AyGal4,Complex V,right,b30
Fig_1B,Cells per NSC lineage,cells per NSC lineage,52,ATPsynO > AyGal4,Complex V,right,b31
Fig_1B,Cells per NSC lineage,cells per NSC lineage,94,ATPsynO > AyGal4,Complex V,right,b31
Fig_1B,Cells per NSC lineage,cells per NSC lineage,20,ATPsynO > AyGal4,Complex V,right,b31
Fig_1B,Cells per NSC lineage,cells per NSC lineage,62,ATPsynO > AyGal4,Complex V,right,b31
Fig_1B,Cells per NSC lineage,cells per NSC lineage,27,ATPsynO > AyGal4,Complex V,right,b31
Fig_1B,Cells per NSC lineage,cells per NSC lineage,47,ATPsynO > AyGal4,Complex V,right,b31
