manuscript_panel,measurement,unit,value,heteroplasmy_pct,heteroplasmy_fraction,d_mel,d_yak,genotype,brain_label
Fig_1G,EdU-positive progeny per neuroblast,EdU+ progeny per neuroblast,4,48.27586206896552,0.4827586206896552,14,15,(heteroplasmic; implicit),B1
Fig_1G,EdU-positive progeny per neuroblast,EdU+ progeny per neuroblast,4,55.55555555555556,0.5555555555555556,15,12,(heteroplasmic; implicit),B1
Fig_1G,EdU-positive progeny per neuroblast,EdU+ progeny per neuroblast,7,56.666666666666664,0.5666666666666667,17,13,(heteroplasmic; implicit),B1
Fig_1G,EdU-positive progeny per neuroblast,EdU+ progeny per neuroblast,7,49.09090909090909,0.4909090909090909,27,28,(heteroplasmic; implicit),B1
Fig_1G,EdU-positive progeny per neuroblast,EdU+ progeny per neuroblast,5,48.148148148148145,0.48148148148148145,13,14,(heteroplasmic; implicit),B1
Fig_1G,EdU-positive progeny per neuroblast,EdU+ progeny per neuroblast,4,57.14285714285714,0.5714285714285714,12,9,(heteroplasmic; implicit),B1
Fig_1G,EdU-positive progeny per neuroblast,EdU+ progeny per neuroblast,3,26.31578947368421,0.2631578947368421,5,14,(heteroplasmic; implicit),B1
Fig_1G,EdU-positive progeny per neuroblast,EdU+ progeny per neuroblast,4,46.42857142857143,0.4642857142857143,13,15,(heteroplasmic; implicit),B1
Fig_1G,EdU-positive progeny per neuroblast,EdU+ progeny per neuroblast,6,64.51612903225806,0.6451612903225806,20,11,(heteroplasmic; implicit),B1
Fig_1G,EdU-positive progeny per neuroblast,EdU+ progeny per neuroblast,5,57.692307692307686,0.5769230769230769,15,11,(heteroplasmic; implicit),B1
Fig_1G,EdU-positive progeny per neuroblast,EdU+ progeny per neuroblast,4,69.6969696969697,0.696969696969697,23,10,(heteroplasmic; implicit),B1
Fig_1G,EdU-positive progeny per neuroblast,EdU+ progeny per neuroblast,5,57.89473684210527,0.5789473684210527,22,16,(heteroplasmic; implicit),B1
Fig_1G,EdU-positive progeny per neuroblast,EdU+ progeny per neuroblast,4,59.25925925925925,0.5925925925925926,16,11,(heteroplasmic; implicit),B1
Fig_1G,EdU-positive progeny per neuroblast,EdU+ progeny per neuroblast,4,61.111111111111114,0.6111111111111112,11,7,(heteroplasmic; implicit),B1
Fig_1G,EdU-positive progeny per neuroblast,EdU+ progeny per neuroblast,6,50,0.5,10,10,(heteroplasmic; implicit),B2
Fig_1G,EdU-positive progeny per neuroblast,EdU+ progeny per neuroblast,4,55.55555555555556,0.5555555555555556,10,8,(heteroplasmic; implicit),B2
Fig_1G,EdU-positive progeny per neuroblast,EdU+ progeny per neuroblast,6,69.23076923076923,0.6923076923076923,9,4,(heteroplasmic; implicit),B2
Fig_1G,EdU-positive progeny per neuroblast,EdU+ progeny per neuroblast,6,42.857142857142854,0.42857142857142855,9,12,(heteroplasmic; implicit),B2
Fig_1G,EdU-positive progeny per neuroblast,EdU+ progeny per neuroblast,5,83.33333333333334,0.8333333333333335,5,1,(heteroplasmic; implicit),B2
Fig_1G,EdU-positive progeny per neuroblast,EdU+ progeny per neuroblast,5,44.44444444444444,0.4444444444444444,8,10,(heteroplasmic; implicit),B2
Fig_1G,EdU-positive progeny per neuroblast,EdU+ progeny per neuroblast,4,63.63636363636363,0.6363636363636364,14,8,(heteroplasmic; implicit),B2
Fig_1G,EdU-positive progeny per neuroblast,EdU+ progeny per neuroblast,5,45,0.45,18,22,(heteroplasmic; implicit),B2
Fig_1G,EdU-positive progeny per neuroblast,EdU+ progeny per neuroblast,4,60.86956521739131,0.6086956521739131,14,9,(heteroplasmic; implicit),B2
Fig_1G,EdU-positive progeny per neuroblast,EdU+ progeny per neuroblast,7,61.904761904761905,0.6190476190476191,13,8,(heteroplasmic; implicit),B2
Fig_1G,EdU-positive progeny per neuroblast,EdU+ progeny per neuroblast,6,45.83333333333333,0.45833333333333326,11,13,(heteroplasmic; implicit),B2
Fig_1G,EdU-positive progeny per neuroblast,EdU+ progeny per neuroblast,6,56.00000000000001,0.56,14,11,(heteroplasmic; implicit),B2
Fig_1G,EdU-positive progeny per neuroblast,EdU+ progeny per neuroblast,4,45,0.45,9,11,(heteroplasmic; implicit),B2
Fig_1G,EdU-positive progeny per neuroblast,EdU+ progeny per neuroblast,5,61.111111111111114,0.6111111111111112,11,7,(heteroplasmic; implicit),B2
Fig_1G,EdU-positive progeny per neuroblast,EdU+ progeny per neuroblast,5,56.60377358490566,0.5660377358490566,30,23,(heteroplasmic; implicit),B3
Fig_1G,EdU-positive progeny per neuroblast,EdU+ progeny per neuroblast,3,62.7906976744186,0.627906976744186,27,16,(heteroplasmic; implicit),B3
Fig_1G,EdU-positive progeny per neuroblast,EdU+ progeny per neuroblast,4,53.84615384615385,0.5384615384615384,42,36,(heteroplasmic; implicit),B3
Fig_1G,EdU-positive progeny per neuroblast,EdU+ progeny per neuroblast,4,62.264150943396224,0.6226415094339622,33,20,(heteroplasmic; implicit),B3
Fig_1G,EdU-positive progeny per neuroblast,EdU+ progeny per neuroblast,4,43.24324324324324,0.43243243243243246,32,42,(heteroplasmic; implicit),B3
Fig_1G,EdU-positive progeny per neuroblast,EdU+ progeny per neuroblast,4,63.41463414634146,0.6341463414634146,26,15,(heteroplasmic; implicit),B3
Fig_1G,EdU-positive progeny per neuroblast,EdU+ progeny per neuroblast,3,52.94117647058824,0.5294117647058824,27,24,(heteroplasmic; implicit),B3
Fig_1G,EdU-positive progeny per neuroblast,EdU+ progeny per neuroblast,3,58.730158730158735,0.5873015873015873,37,26,(heteroplasmic; implicit),B3
Fig_1G,EdU-positive progeny per neuroblast,EdU+ progeny per neuroblast,4,52.83018867924528,0.5283018867924528,28,25,(heteroplasmic; implicit),B3
Fig_1G,EdU-positive progeny per neuroblast,EdU+ progeny per neuroblast,4,60,0.6,63,42,(heteroplasmic; implicit),B3
Fig_1G,EdU-positive progeny per neuroblast,EdU+ progeny per neuroblast,7,50,0.5,26,26,(heteroplasmic; implicit),B3
Fig_1G,EdU-positive progeny per neuroblast,EdU+ progeny per neuroblast,7,50.96153846153846,0.5096153846153846,53,51,(heteroplasmic; implicit),B4
Fig_1G,EdU-positive progeny per neuroblast,EdU+ progeny per neuroblast,4,56.75675675675676,0.5675675675675675,42,32,(heteroplasmic; implicit),B4
Fig_1G,EdU-positive progeny per neuroblast,EdU+ progeny per neuroblast,4,54.54545454545454,0.5454545454545454,48,40,(heteroplasmic; implicit),B4
Fig_1G,EdU-positive progeny per neuroblast,EdU+ progeny per neuroblast,7,42.5287356321839,0.42528735632183906,37,50,(heteroplasmic; implicit),B4
Fig_1G,EdU-positive progeny per neuroblast,EdU+ progeny per neuroblast,4,46.51162790697674,0.46511627906976744,40,46,(heteroplasmic; implicit),B4
Fig_1G,EdU-positive progeny per neuroblast,EdU+ progeny per neuroblast,5,51.66666666666667,0.5166666666666667,31,29,(heteroplasmic; implicit),B4
Fig_1G,EdU-positive progeny per neuroblast,EdU+ progeny per neuroblast,6,53.92156862745098,0.5392156862745098,55,47,(heteroplasmic; implicit),B4
Fig_1G,EdU-positive progeny per neuroblast,EdU+ progeny per neuroblast,5,52.77777777777778,0.5277777777777778,38,34,(heteroplasmic; implicit),B4
Fig_1G,EdU-positive progeny per neuroblast,EdU+ progeny per neuroblast,4,44.44444444444444,0.4444444444444444,20,25,(heteroplasmic; implicit),B4
Fig_1G,EdU-positive progeny per neuroblast,EdU+ progeny per neuroblast,5,48.38709677419355,0.4838709677419355,30,32,(heteroplasmic; implicit),B4
Fig_1G,EdU-positive progeny per neuroblast,EdU+ progeny per neuroblast,6,52.38095238095239,0.5238095238095238,44,40,(heteroplasmic; implicit),B4
Fig_1G,EdU-positive progeny per neuroblast,EdU+ progeny per neuroblast,6,51.72413793103448,0.5172413793103449,30,28,(heteroplasmic; implicit),B4
Fig_1G,EdU-positive progeny per neuroblast,EdU+ progeny per neuroblast,4,55.319148936170215,0.5531914893617021,26,21,(heteroplasmic; implicit),B4
Fig_1G,EdU-positive progeny per neuroblast,EdU+ progeny per neuroblast,7,53.38983050847458,0.5338983050847458,63,55,(heteroplasmic; implicit),B4
