manuscript_panel,measurement,unit,value,genotype_raw,rnai,replicate_id
Fig_S7C,Normalized pAMPK intensity per NSC,normalized intensity (a.u.),1.4261916256077278,Control RNAi,Control,b01
Fig_S7C,Normalized pAMPK intensity per NSC,normalized intensity (a.u.),1.4214826377559129,Control RNAi,Control,b01
Fig_S7C,Normalized pAMPK intensity per NSC,normalized intensity (a.u.),1.4938905043127133,Control RNAi,Control,b01
Fig_S7C,Normalized pAMPK intensity per NSC,normalized intensity (a.u.),1.0456058676004418,Control RNAi,Control,b02
Fig_S7C,Normalized pAMPK intensity per NSC,normalized intensity (a.u.),0.8985935639340121,Control RNAi,Control,b02
Fig_S7C,Normalized pAMPK intensity per NSC,normalized intensity (a.u.),0.999595132131663,Control RNAi,Control,b02
Fig_S7C,Normalized pAMPK intensity per NSC,normalized intensity (a.u.),0.8877949551051287,Control RNAi,Control,b02
Fig_S7C,Normalized pAMPK intensity per NSC,normalized intensity (a.u.),0.8639868102242535,Control RNAi,Control,b03
Fig_S7C,Normalized pAMPK intensity per NSC,normalized intensity (a.u.),0.8258339589553534,Control RNAi,Control,b03
Fig_S7C,Normalized pAMPK intensity per NSC,normalized intensity (a.u.),0.8396713963268208,Control RNAi,Control,b03
Fig_S7C,Normalized pAMPK intensity per NSC,normalized intensity (a.u.),0.957752616600822,Control RNAi,Control,b03
Fig_S7C,Normalized pAMPK intensity per NSC,normalized intensity (a.u.),1.372241651474151,Control RNAi,Control,b04
Fig_S7C,Normalized pAMPK intensity per NSC,normalized intensity (a.u.),1.2001099603746124,Control RNAi,Control,b04
Fig_S7C,Normalized pAMPK intensity per NSC,normalized intensity (a.u.),1.5581174615883366,Control RNAi,Control,b04
Fig_S7C,Normalized pAMPK intensity per NSC,normalized intensity (a.u.),1.1103735927899427,Control RNAi,Control,b04
Fig_S7C,Normalized pAMPK intensity per NSC,normalized intensity (a.u.),1.0447277179349863,Control RNAi,Control,b04
Fig_S7C,Normalized pAMPK intensity per NSC,normalized intensity (a.u.),0.8055096993957398,Control RNAi,Control,b05
Fig_S7C,Normalized pAMPK intensity per NSC,normalized intensity (a.u.),0.9244355704378768,Control RNAi,Control,b05
Fig_S7C,Normalized pAMPK intensity per NSC,normalized intensity (a.u.),0.9225452755176866,Control RNAi,Control,b05
Fig_S7C,Normalized pAMPK intensity per NSC,normalized intensity (a.u.),0.7641457395408966,Control RNAi,Control,b05
Fig_S7C,Normalized pAMPK intensity per NSC,normalized intensity (a.u.),1.0183401579604847,Control RNAi,Control,b06
Fig_S7C,Normalized pAMPK intensity per NSC,normalized intensity (a.u.),0.9100119023633122,Control RNAi,Control,b06
Fig_S7C,Normalized pAMPK intensity per NSC,normalized intensity (a.u.),0.9627343811879562,Control RNAi,Control,b06
Fig_S7C,Normalized pAMPK intensity per NSC,normalized intensity (a.u.),0.8989429095774903,Control RNAi,Control,b06
Fig_S7C,Normalized pAMPK intensity per NSC,normalized intensity (a.u.),1.34752903636564,Control RNAi,Control,b07
Fig_S7C,Normalized pAMPK intensity per NSC,normalized intensity (a.u.),1.5827415438967878,Control RNAi,Control,b07
Fig_S7C,Normalized pAMPK intensity per NSC,normalized intensity (a.u.),1.3808963308745652,Control RNAi,Control,b07
Fig_S7C,Normalized pAMPK intensity per NSC,normalized intensity (a.u.),1.595105029786183,Control RNAi,Control,b07
Fig_S7C,Normalized pAMPK intensity per NSC,normalized intensity (a.u.),1.5529801664065035,Control RNAi,Control,b08
Fig_S7C,Normalized pAMPK intensity per NSC,normalized intensity (a.u.),1.5501806157019182,Control RNAi,Control,b08
Fig_S7C,Normalized pAMPK intensity per NSC,normalized intensity (a.u.),1.6392278631131518,Control RNAi,Control,b08
Fig_S7C,Normalized pAMPK intensity per NSC,normalized intensity (a.u.),0.8856845245739797,Control RNAi,Control,b09
Fig_S7C,Normalized pAMPK intensity per NSC,normalized intensity (a.u.),0.8192394617401079,Control RNAi,Control,b09
Fig_S7C,Normalized pAMPK intensity per NSC,normalized intensity (a.u.),0.8453398883090112,Control RNAi,Control,b09
Fig_S7C,Normalized pAMPK intensity per NSC,normalized intensity (a.u.),0.7106551788562768,Control RNAi,Control,b09
Fig_S7C,Normalized pAMPK intensity per NSC,normalized intensity (a.u.),0.663261417483865,Control RNAi,Control,b10
Fig_S7C,Normalized pAMPK intensity per NSC,normalized intensity (a.u.),0.7324797104601424,Control RNAi,Control,b10
Fig_S7C,Normalized pAMPK intensity per NSC,normalized intensity (a.u.),0.6472202312244291,Control RNAi,Control,b10
Fig_S7C,Normalized pAMPK intensity per NSC,normalized intensity (a.u.),0.6534175272285967,Control RNAi,Control,b10
Fig_S7C,Normalized pAMPK intensity per NSC,normalized intensity (a.u.),0.7219467000314376,Control RNAi,Control,b10
Fig_S7C,Normalized pAMPK intensity per NSC,normalized intensity (a.u.),0.5895686289370112,Control RNAi,Control,b11
Fig_S7C,Normalized pAMPK intensity per NSC,normalized intensity (a.u.),0.7318647664164856,Control RNAi,Control,b11
Fig_S7C,Normalized pAMPK intensity per NSC,normalized intensity (a.u.),0.64132442529614,Control RNAi,Control,b11
Fig_S7C,Normalized pAMPK intensity per NSC,normalized intensity (a.u.),0.6223975483104391,Control RNAi,Control,b11
Fig_S7C,Normalized pAMPK intensity per NSC,normalized intensity (a.u.),0.7538567925069505,Control RNAi,Control,b12
Fig_S7C,Normalized pAMPK intensity per NSC,normalized intensity (a.u.),0.8118481693243266,Control RNAi,Control,b12
Fig_S7C,Normalized pAMPK intensity per NSC,normalized intensity (a.u.),0.8150090295642901,Control RNAi,Control,b12
Fig_S7C,Normalized pAMPK intensity per NSC,normalized intensity (a.u.),0.7286584433873025,Control RNAi,Control,b12
Fig_S7C,Normalized pAMPK intensity per NSC,normalized intensity (a.u.),0.8249318815060981,Control RNAi,Control,b12
Fig_S7C,Normalized pAMPK intensity per NSC,normalized intensity (a.u.),0.987528350761386,Complex I RNAi,Complex I,b13
Fig_S7C,Normalized pAMPK intensity per NSC,normalized intensity (a.u.),1.0621495373196752,Complex I RNAi,Complex I,b13
Fig_S7C,Normalized pAMPK intensity per NSC,normalized intensity (a.u.),0.8019803512852582,Complex I RNAi,Complex I,b13
Fig_S7C,Normalized pAMPK intensity per NSC,normalized intensity (a.u.),0.7971158328387439,Complex I RNAi,Complex I,b13
Fig_S7C,Normalized pAMPK intensity per NSC,normalized intensity (a.u.),1.0228529379851412,Complex I RNAi,Complex I,b14
Fig_S7C,Normalized pAMPK intensity per NSC,normalized intensity (a.u.),0.6845116822765338,Complex I RNAi,Complex I,b14
Fig_S7C,Normalized pAMPK intensity per NSC,normalized intensity (a.u.),0.8589978673019796,Complex I RNAi,Complex I,b14
Fig_S7C,Normalized pAMPK intensity per NSC,normalized intensity (a.u.),0.7294480602526983,Complex I RNAi,Complex I,b15
Fig_S7C,Normalized pAMPK intensity per NSC,normalized intensity (a.u.),0.5794591402815641,Complex I RNAi,Complex I,b15
Fig_S7C,Normalized pAMPK intensity per NSC,normalized intensity (a.u.),0.698983205918698,Complex I RNAi,Complex I,b15
Fig_S7C,Normalized pAMPK intensity per NSC,normalized intensity (a.u.),0.7721136915462548,Complex I RNAi,Complex I,b16
Fig_S7C,Normalized pAMPK intensity per NSC,normalized intensity (a.u.),0.9660100947901588,Complex I RNAi,Complex I,b16
Fig_S7C,Normalized pAMPK intensity per NSC,normalized intensity (a.u.),0.6881391343005947,Complex I RNAi,Complex I,b17
Fig_S7C,Normalized pAMPK intensity per NSC,normalized intensity (a.u.),0.6907807616321009,Complex I RNAi,Complex I,b17
Fig_S7C,Normalized pAMPK intensity per NSC,normalized intensity (a.u.),0.7626071830425646,Complex I RNAi,Complex I,b17
Fig_S7C,Normalized pAMPK intensity per NSC,normalized intensity (a.u.),0.7646649724493538,Complex I RNAi,Complex I,b17
Fig_S7C,Normalized pAMPK intensity per NSC,normalized intensity (a.u.),0.7736929252770466,Complex I RNAi,Complex I,b18
Fig_S7C,Normalized pAMPK intensity per NSC,normalized intensity (a.u.),0.5825912871809678,Complex I RNAi,Complex I,b18
Fig_S7C,Normalized pAMPK intensity per NSC,normalized intensity (a.u.),0.6318227023492097,Complex I RNAi,Complex I,b18
Fig_S7C,Normalized pAMPK intensity per NSC,normalized intensity (a.u.),0.8044066285625655,Complex I RNAi,Complex I,b19
Fig_S7C,Normalized pAMPK intensity per NSC,normalized intensity (a.u.),0.6042555026333741,Complex I RNAi,Complex I,b19
Fig_S7C,Normalized pAMPK intensity per NSC,normalized intensity (a.u.),0.7825390269478602,Complex I RNAi,Complex I,b19
Fig_S7C,Normalized pAMPK intensity per NSC,normalized intensity (a.u.),1.0945046865738657,Complex I RNAi,Complex I,b20
Fig_S7C,Normalized pAMPK intensity per NSC,normalized intensity (a.u.),0.7719103053839559,Complex I RNAi,Complex I,b20
Fig_S7C,Normalized pAMPK intensity per NSC,normalized intensity (a.u.),0.7116457891055915,Complex I RNAi,Complex I,b20
Fig_S7C,Normalized pAMPK intensity per NSC,normalized intensity (a.u.),0.6920752547356741,Complex I RNAi,Complex I,b20
Fig_S7C,Normalized pAMPK intensity per NSC,normalized intensity (a.u.),0.7336210657473965,Complex I RNAi,Complex I,b20
Fig_S7C,Normalized pAMPK intensity per NSC,normalized intensity (a.u.),1.0696724325463558,Complex I RNAi,Complex I,b21
Fig_S7C,Normalized pAMPK intensity per NSC,normalized intensity (a.u.),0.968481834856686,Complex I RNAi,Complex I,b21
Fig_S7C,Normalized pAMPK intensity per NSC,normalized intensity (a.u.),0.9328988275678924,Complex I RNAi,Complex I,b21
Fig_S7C,Normalized pAMPK intensity per NSC,normalized intensity (a.u.),1.491275197543387,Complex I RNAi,Complex I,b21
Fig_S7C,Normalized pAMPK intensity per NSC,normalized intensity (a.u.),0.8952723875425895,Complex I RNAi,Complex I,b21
Fig_S7C,Normalized pAMPK intensity per NSC,normalized intensity (a.u.),1.098881078230863,Complex I RNAi,Complex I,b22
Fig_S7C,Normalized pAMPK intensity per NSC,normalized intensity (a.u.),0.9614542447546628,Complex I RNAi,Complex I,b22
Fig_S7C,Normalized pAMPK intensity per NSC,normalized intensity (a.u.),0.93526289260732,Complex I RNAi,Complex I,b22
Fig_S7C,Normalized pAMPK intensity per NSC,normalized intensity (a.u.),0.9867219844473304,Complex I RNAi,Complex I,b22
Fig_S7C,Normalized pAMPK intensity per NSC,normalized intensity (a.u.),0.6271400350595743,Complex I RNAi,Complex I,b23
Fig_S7C,Normalized pAMPK intensity per NSC,normalized intensity (a.u.),0.6181623305778614,Complex I RNAi,Complex I,b23
Fig_S7C,Normalized pAMPK intensity per NSC,normalized intensity (a.u.),0.6507495793349106,Complex I RNAi,Complex I,b23
Fig_S7C,Normalized pAMPK intensity per NSC,normalized intensity (a.u.),0.7391268487997477,Complex I RNAi,Complex I,b23
Fig_S7C,Normalized pAMPK intensity per NSC,normalized intensity (a.u.),0.8203640675787021,Complex I RNAi,Complex I,b24
Fig_S7C,Normalized pAMPK intensity per NSC,normalized intensity (a.u.),0.8028441442804338,Complex I RNAi,Complex I,b24
Fig_S7C,Normalized pAMPK intensity per NSC,normalized intensity (a.u.),0.8925996540921435,Complex I RNAi,Complex I,b24
Fig_S7C,Normalized pAMPK intensity per NSC,normalized intensity (a.u.),0.8893143693764207,Complex I RNAi,Complex I,b24
Fig_S7C,Normalized pAMPK intensity per NSC,normalized intensity (a.u.),0.5809354845420164,Complex I RNAi,Complex I,b25
Fig_S7C,Normalized pAMPK intensity per NSC,normalized intensity (a.u.),0.6234192646786938,Complex I RNAi,Complex I,b25
Fig_S7C,Normalized pAMPK intensity per NSC,normalized intensity (a.u.),0.5881377474657786,Complex I RNAi,Complex I,b25
Fig_S7C,Normalized pAMPK intensity per NSC,normalized intensity (a.u.),0.5837541774736417,Complex I RNAi,Complex I,b26
Fig_S7C,Normalized pAMPK intensity per NSC,normalized intensity (a.u.),0.600486876684894,Complex I RNAi,Complex I,b26
Fig_S7C,Normalized pAMPK intensity per NSC,normalized intensity (a.u.),0.6455189657962581,Complex I RNAi,Complex I,b26
Fig_S7C,Normalized pAMPK intensity per NSC,normalized intensity (a.u.),0.6648526151065568,Complex I RNAi,Complex I,b26
Fig_S7C,Normalized pAMPK intensity per NSC,normalized intensity (a.u.),0.9140485194903512,Complex V RNAi,Complex V,b27
Fig_S7C,Normalized pAMPK intensity per NSC,normalized intensity (a.u.),0.9395459659074976,Complex V RNAi,Complex V,b27
Fig_S7C,Normalized pAMPK intensity per NSC,normalized intensity (a.u.),0.9773686137599594,Complex V RNAi,Complex V,b27
Fig_S7C,Normalized pAMPK intensity per NSC,normalized intensity (a.u.),0.9124932135433592,Complex V RNAi,Complex V,b27
Fig_S7C,Normalized pAMPK intensity per NSC,normalized intensity (a.u.),0.9449440739327494,Complex V RNAi,Complex V,b27
Fig_S7C,Normalized pAMPK intensity per NSC,normalized intensity (a.u.),0.8687939019896482,Complex V RNAi,Complex V,b27
Fig_S7C,Normalized pAMPK intensity per NSC,normalized intensity (a.u.),0.8534729420225886,Complex V RNAi,Complex V,b28
Fig_S7C,Normalized pAMPK intensity per NSC,normalized intensity (a.u.),1.0480106098723292,Complex V RNAi,Complex V,b28
Fig_S7C,Normalized pAMPK intensity per NSC,normalized intensity (a.u.),1.0243460316942532,Complex V RNAi,Complex V,b28
Fig_S7C,Normalized pAMPK intensity per NSC,normalized intensity (a.u.),1.0881877516506988,Complex V RNAi,Complex V,b28
Fig_S7C,Normalized pAMPK intensity per NSC,normalized intensity (a.u.),1.2633415218441613,Complex V RNAi,Complex V,b28
Fig_S7C,Normalized pAMPK intensity per NSC,normalized intensity (a.u.),1.2761022089446343,Complex V RNAi,Complex V,b28
Fig_S7C,Normalized pAMPK intensity per NSC,normalized intensity (a.u.),0.828757934135698,Complex V RNAi,Complex V,b29
Fig_S7C,Normalized pAMPK intensity per NSC,normalized intensity (a.u.),1.0393487521367748,Complex V RNAi,Complex V,b29
Fig_S7C,Normalized pAMPK intensity per NSC,normalized intensity (a.u.),1.1113450608122175,Complex V RNAi,Complex V,b30
Fig_S7C,Normalized pAMPK intensity per NSC,normalized intensity (a.u.),1.1384983098683152,Complex V RNAi,Complex V,b30
Fig_S7C,Normalized pAMPK intensity per NSC,normalized intensity (a.u.),1.0180649884467865,Complex V RNAi,Complex V,b31
Fig_S7C,Normalized pAMPK intensity per NSC,normalized intensity (a.u.),0.9981475012117704,Complex V RNAi,Complex V,b31
Fig_S7C,Normalized pAMPK intensity per NSC,normalized intensity (a.u.),1.2150408974657343,Complex V RNAi,Complex V,b31
Fig_S7C,Normalized pAMPK intensity per NSC,normalized intensity (a.u.),0.9620572249064197,Complex V RNAi,Complex V,b31
Fig_S7C,Normalized pAMPK intensity per NSC,normalized intensity (a.u.),0.9351360753531808,Complex V RNAi,Complex V,b32
Fig_S7C,Normalized pAMPK intensity per NSC,normalized intensity (a.u.),0.9275605390021404,Complex V RNAi,Complex V,b32
Fig_S7C,Normalized pAMPK intensity per NSC,normalized intensity (a.u.),0.8497928488741678,Complex V RNAi,Complex V,b32
Fig_S7C,Normalized pAMPK intensity per NSC,normalized intensity (a.u.),0.9693336639599616,Complex V RNAi,Complex V,b33
Fig_S7C,Normalized pAMPK intensity per NSC,normalized intensity (a.u.),0.999410888196404,Complex V RNAi,Complex V,b33
Fig_S7C,Normalized pAMPK intensity per NSC,normalized intensity (a.u.),0.8147793228398112,Complex V RNAi,Complex V,b34
Fig_S7C,Normalized pAMPK intensity per NSC,normalized intensity (a.u.),0.7751764478726387,Complex V RNAi,Complex V,b34
Fig_S7C,Normalized pAMPK intensity per NSC,normalized intensity (a.u.),0.9374331425979688,Complex V RNAi,Complex V,b34
Fig_S7C,Normalized pAMPK intensity per NSC,normalized intensity (a.u.),0.8488381303005528,Complex V RNAi,Complex V,b34
Fig_S7C,Normalized pAMPK intensity per NSC,normalized intensity (a.u.),0.8781137737796995,Complex V RNAi,Complex V,b34
Fig_S7C,Normalized pAMPK intensity per NSC,normalized intensity (a.u.),0.8919033555835671,Complex V RNAi,Complex V,b35
Fig_S7C,Normalized pAMPK intensity per NSC,normalized intensity (a.u.),0.8473211088076408,Complex V RNAi,Complex V,b35
Fig_S7C,Normalized pAMPK intensity per NSC,normalized intensity (a.u.),0.8249629876250378,Complex V RNAi,Complex V,b35
Fig_S7C,Normalized pAMPK intensity per NSC,normalized intensity (a.u.),0.8747351707071571,Complex V RNAi,Complex V,b36
Fig_S7C,Normalized pAMPK intensity per NSC,normalized intensity (a.u.),0.8390827728453439,Complex V RNAi,Complex V,b36
Fig_S7C,Normalized pAMPK intensity per NSC,normalized intensity (a.u.),0.9261559780930876,Complex V RNAi,Complex V,b36
Fig_S7C,Normalized pAMPK intensity per NSC,normalized intensity (a.u.),0.8663460897069211,Complex V RNAi,Complex V,b36
Fig_S7C,Normalized pAMPK intensity per NSC,normalized intensity (a.u.),0.7121698075708088,Complex V RNAi,Complex V,b37
Fig_S7C,Normalized pAMPK intensity per NSC,normalized intensity (a.u.),0.7946273433235568,Complex V RNAi,Complex V,b37
Fig_S7C,Normalized pAMPK intensity per NSC,normalized intensity (a.u.),0.8349576229182456,Complex V RNAi,Complex V,b37
Fig_S7C,Normalized pAMPK intensity per NSC,normalized intensity (a.u.),0.8336655225930523,Complex V RNAi,Complex V,b37
Fig_S7C,Normalized pAMPK intensity per NSC,normalized intensity (a.u.),0.8245921069761399,Complex V RNAi,Complex V,b38
Fig_S7C,Normalized pAMPK intensity per NSC,normalized intensity (a.u.),0.7800648941029531,Complex V RNAi,Complex V,b38
Fig_S7C,Normalized pAMPK intensity per NSC,normalized intensity (a.u.),0.9009959134275196,Complex V RNAi,Complex V,b38
Fig_S7C,Normalized pAMPK intensity per NSC,normalized intensity (a.u.),1.1119025781747545,Complex V RNAi,Complex V,b39
Fig_S7C,Normalized pAMPK intensity per NSC,normalized intensity (a.u.),0.7616835705878895,Complex V RNAi,Complex V,b39
Fig_S7C,Normalized pAMPK intensity per NSC,normalized intensity (a.u.),0.8172797762468981,Complex V RNAi,Complex V,b39
Fig_S7C,Normalized pAMPK intensity per NSC,normalized intensity (a.u.),0.912931091986897,Complex V RNAi,Complex V,b39
Fig_S7C,Normalized pAMPK intensity per NSC,normalized intensity (a.u.),0.7489563823847362,Complex V RNAi,Complex V,b39
Fig_S7C,Normalized pAMPK intensity per NSC,normalized intensity (a.u.),0.8936261560171582,Complex V RNAi,Complex V,b39
